instance,part,color,step,role,x,y,z,rotation_z,supporting_instances
O-001,P-8x8,green,1,台座下段,0.0,0.0,0,0,
O-002,P-8x8,green,1,台座下段,64.0,0.0,0,0,
O-003,P-8x8,green,1,台座下段,128.0,0.0,0,0,
O-004,P-8x8,green,1,台座下段,0.0,64.0,0,0,
O-005,P-8x8,green,1,台座下段,64.0,64.0,0,0,
O-006,P-8x8,green,1,台座下段,128.0,64.0,0,0,
O-007,P-4x4,green,2,台座上段,0.0,0.0,3.2,0,O-001
O-008,P-4x8,green,2,台座上段,96.0,0.0,3.2,90,O-001;O-002
O-009,P-4x8,green,2,台座上段,160.0,0.0,3.2,90,O-002;O-003
O-010,P-4x4,green,2,台座上段,160.0,0.0,3.2,0,O-003
O-011,P-4x8,green,2,台座上段,0.0,32.0,3.2,0,O-001;O-004
O-012,P-8x8,green,2,台座上段,32.0,32.0,3.2,0,O-001;O-002;O-004;O-005
O-013,P-8x8,green,2,台座上段,96.0,32.0,3.2,0,O-002;O-003;O-005;O-006
O-014,P-4x8,green,2,台座上段,160.0,32.0,3.2,0,O-003;O-006
O-015,P-4x4,green,2,台座上段,0.0,96.0,3.2,0,O-004
O-016,P-4x8,green,2,台座上段,96.0,96.0,3.2,90,O-004;O-005
O-017,P-4x8,green,2,台座上段,160.0,96.0,3.2,90,O-005;O-006
O-018,P-4x4,green,2,台座上段,160.0,96.0,3.2,0,O-006
O-019,B-2x2,white,3,椅子脚,24.0,32.0,6.4,0,O-011;O-012
O-020,B-2x2,white,3,椅子脚,24.0,80.0,6.4,0,O-011;O-012
O-021,B-2x2,white,3,椅子脚,72.0,32.0,6.4,0,O-012
O-022,B-2x2,white,3,椅子脚,72.0,80.0,6.4,0,O-012
O-023,B-2x2,white,4,椅子脚,24.0,32.0,16.0,0,O-019
O-024,B-2x2,white,4,椅子脚,24.0,80.0,16.0,0,O-020
O-025,B-2x2,white,4,椅子脚,72.0,32.0,16.0,0,O-021
O-026,B-2x2,white,4,椅子脚,72.0,80.0,16.0,0,O-022
O-027,B-2x2,white,5,椅子脚,24.0,32.0,25.6,0,O-023
O-028,B-2x2,white,5,椅子脚,24.0,80.0,25.6,0,O-024
O-029,B-2x2,white,5,椅子脚,72.0,32.0,25.6,0,O-025
O-030,B-2x2,white,5,椅子脚,72.0,80.0,25.6,0,O-026
O-031,B-2x4,white,6,机中空台脚,144.0,32.0,6.4,90,O-013
O-032,B-2x4,white,6,机中空台脚,176.0,32.0,6.4,90,O-013;O-014
O-033,B-2x4,white,6,机中空台脚,144.0,80.0,6.4,90,O-013
O-034,B-2x4,white,6,机中空台脚,176.0,80.0,6.4,90,O-013;O-014
O-035,B-2x4,white,6,机中空台脚,112.0,48.0,6.4,0,O-013
O-036,B-2x4,white,6,机中空台脚,160.0,48.0,6.4,0,O-014
O-037,B-2x2,white,6,机左脚,96.0,32.0,6.4,0,O-013
O-038,B-2x2,white,6,机左脚,96.0,80.0,6.4,0,O-013
O-039,B-2x4,white,7,机中空台脚,160.0,32.0,16.0,0,O-032;O-036
O-040,B-2x4,white,7,机中空台脚,160.0,64.0,16.0,0,O-034;O-036
O-041,B-2x4,white,7,机中空台脚,112.0,32.0,16.0,0,O-031;O-035
O-042,B-2x4,white,7,机中空台脚,112.0,64.0,16.0,0,O-033;O-035
O-043,B-2x4,white,7,机中空台脚,160.0,32.0,16.0,90,O-031;O-032
O-044,B-2x4,white,7,机中空台脚,160.0,80.0,16.0,90,O-033;O-034
O-045,B-2x2,white,7,机左脚,96.0,32.0,16.0,0,O-037
O-046,B-2x2,white,7,机左脚,96.0,80.0,16.0,0,O-038
O-047,B-2x4,white,8,机中空台脚,144.0,32.0,25.6,90,O-041;O-043
O-048,B-2x4,white,8,机中空台脚,176.0,32.0,25.6,90,O-039;O-043
O-049,B-2x4,white,8,机中空台脚,144.0,80.0,25.6,90,O-042;O-044
O-050,B-2x4,white,8,机中空台脚,176.0,80.0,25.6,90,O-040;O-044
O-051,B-2x4,white,8,机中空台脚,112.0,48.0,25.6,0,O-041;O-042
O-052,B-2x4,white,8,机中空台脚,160.0,48.0,25.6,0,O-039;O-040
O-053,B-2x2,white,8,机左脚,96.0,32.0,25.6,0,O-045
O-054,B-2x2,white,8,机左脚,96.0,80.0,25.6,0,O-046
O-055,B-2x4,white,9,机中空台脚,160.0,32.0,35.2,0,O-048;O-052
O-056,B-2x4,white,9,机中空台脚,160.0,64.0,35.2,0,O-050;O-052
O-057,B-2x4,white,9,机中空台脚,112.0,32.0,35.2,0,O-047;O-051
O-058,B-2x4,white,9,机中空台脚,112.0,64.0,35.2,0,O-049;O-051
O-059,B-2x4,white,9,机中空台脚,160.0,32.0,35.2,90,O-047;O-048
O-060,B-2x4,white,9,机中空台脚,160.0,80.0,35.2,90,O-049;O-050
O-061,B-2x2,white,9,机左脚,96.0,32.0,35.2,0,O-053
O-062,B-2x2,white,9,机左脚,96.0,80.0,35.2,0,O-054
O-063,B-2x4,white,10,机中空台脚,144.0,32.0,44.8,90,O-057;O-059
O-064,B-2x4,white,10,机中空台脚,176.0,32.0,44.8,90,O-055;O-059
O-065,B-2x4,white,10,机中空台脚,144.0,80.0,44.8,90,O-058;O-060
O-066,B-2x4,white,10,机中空台脚,176.0,80.0,44.8,90,O-056;O-060
O-067,B-2x4,white,10,机中空台脚,112.0,48.0,44.8,0,O-057;O-058
O-068,B-2x4,white,10,机中空台脚,160.0,48.0,44.8,0,O-055;O-056
O-069,B-2x2,white,10,机左脚,96.0,32.0,44.8,0,O-061
O-070,B-2x2,white,10,机左脚,96.0,80.0,44.8,0,O-062
O-071,P-4x8,white,11,座面下段,24.0,32.0,35.2,0,O-027;O-028
O-072,P-4x8,white,11,座面下段,56.0,32.0,35.2,0,O-029;O-030
O-073,P-4x8,white,12,座面上段,88.0,32.0,38.4,90,O-071;O-072
O-074,P-4x8,white,12,座面上段,88.0,64.0,38.4,90,O-071;O-072
O-075,B-2x4,white,13,椅子背もたれ,24.0,32.0,41.6,0,O-073
O-076,B-2x4,white,13,椅子背もたれ,24.0,64.0,41.6,0,O-074
O-077,B-2x2,white,14,椅子背もたれ,24.0,32.0,51.2,0,O-075
O-078,B-2x4,white,14,椅子背もたれ,24.0,48.0,51.2,0,O-075;O-076
O-079,B-2x2,white,14,椅子背もたれ,24.0,80.0,51.2,0,O-076
O-080,B-2x4,white,15,椅子背もたれ,24.0,32.0,60.8,0,O-077;O-078
O-081,B-2x4,white,15,椅子背もたれ,24.0,64.0,60.8,0,O-078;O-079
O-082,B-2x2,white,16,椅子背もたれ,24.0,32.0,70.4,0,O-080
O-083,B-2x4,white,16,椅子背もたれ,24.0,48.0,70.4,0,O-080;O-081
O-084,B-2x2,white,16,椅子背もたれ,24.0,80.0,70.4,0,O-081
O-085,T-2x8,white,17,背もたれ天面,24.0,32.0,80.0,0,O-082;O-083;O-084
O-086,B-2x4,black,18,胴下段,80.0,48.0,41.6,90,O-073
O-087,B-2x4,black,18,胴下段,80.0,64.0,41.6,90,O-074
O-088,B-1x2,black,18,足先,80.0,48.0,41.6,0,O-073
O-089,B-1x2,black,18,足先,80.0,64.0,41.6,0,O-074
O-090,B-2x4,black,19,胴上段,48.0,48.0,51.2,0,O-086;O-087
O-091,B-2x4,black,19,胴上段,64.0,48.0,51.2,0,O-086;O-087
O-092,P-4x10,white,20,天板下段,88.0,24.0,54.4,0,O-063;O-065;O-067;O-069;O-070
O-093,P-4x10,white,20,天板下段,120.0,24.0,54.4,0,O-063;O-064;O-065;O-066;O-067
O-094,P-4x10,white,20,天板下段,152.0,24.0,54.4,0,O-064;O-066;O-068
O-095,P-4x6,white,21,天板上段,136.0,24.0,57.6,90,O-092;O-093
O-096,P-4x6,white,21,天板上段,136.0,56.0,57.6,90,O-092;O-093
O-097,P-2x6,white,21,天板上段,136.0,88.0,57.6,90,O-092;O-093
O-098,P-4x6,white,21,天板上段,184.0,24.0,57.6,90,O-093;O-094
O-099,P-4x6,white,21,天板上段,184.0,56.0,57.6,90,O-093;O-094
O-100,P-2x6,white,21,天板上段,184.0,88.0,57.6,90,O-093;O-094
O-101,P-2x4,black,22,腕,96.0,40.0,60.8,90,O-091;O-095
O-102,P-2x4,black,22,腕,96.0,72.0,60.8,90,O-091;O-096
O-103,B-2x4,black,23,肩,80.0,56.0,60.8,90,O-090;O-091
O-104,B-2x2,black,23,首,56.0,56.0,70.4,0,O-103
O-105,MUG-2x3,yellow,24,マグ,80.0,32.0,64.0,0,O-101
O-106,P-6x6,black,25,頭下縁,40.0,40.0,80.0,0,O-104
O-107,B-2x4,black,26,頭後部,72.0,40.0,83.2,90,O-106
O-108,B-2x4,black,26,頭後部,72.0,56.0,83.2,90,O-106
O-109,B-2x4,black,26,頭後部,72.0,72.0,83.2,90,O-106
O-110,B-2x4,beige,26,顔,72.0,40.0,83.2,0,O-106
O-111,B-2x2,beige,26,顔,72.0,72.0,83.2,0,O-106
O-112,B-2x4,black,27,頭後部,40.0,40.0,92.8,0,O-107;O-108
O-113,B-2x4,black,27,頭後部,56.0,40.0,92.8,0,O-107;O-108
O-114,B-2x4,black,27,頭後部,72.0,72.0,92.8,90,O-109
O-115,B-2x2,beige,27,顔,72.0,40.0,92.8,0,O-110
O-116,B-2x4,beige,27,顔,72.0,56.0,92.8,0,O-110;O-111
O-117,B-2x4,black,28,頭後部,72.0,40.0,102.4,90,O-112;O-113
O-118,B-2x4,black,28,頭後部,72.0,56.0,102.4,90,O-112;O-113
O-119,B-2x4,black,28,頭後部,72.0,72.0,102.4,90,O-114
O-120,B-2x4,beige,28,顔,72.0,40.0,102.4,0,O-115;O-116
O-121,B-2x2,beige,28,顔,72.0,72.0,102.4,0,O-116
O-122,P-6x6,black,29,頭上縁,40.0,40.0,112.0,0,O-117;O-118;O-119;O-120;O-121
O-123,EAR-2x2,black,30,手前の耳,56.0,40.0,115.2,0,O-122
O-124,EAR-2x2,black,30,奥の耳,72.0,88.0,115.2,180,O-122
O-125,B-2x4,white,31,モニター支柱,144.0,48.0,60.8,0,O-098;O-099
O-126,B-2x4,white,32,モニター,144.0,32.0,70.4,0,O-125
O-127,B-2x4,white,32,モニター,144.0,64.0,70.4,0,O-125
O-128,B-2x2,white,33,モニター,144.0,32.0,80.0,0,O-126
O-129,B-2x4,white,33,モニター,144.0,48.0,80.0,0,O-126;O-127
O-130,B-2x2,white,33,モニター,144.0,80.0,80.0,0,O-127
O-131,B-2x4,white,34,モニター,144.0,32.0,89.6,0,O-128;O-129
O-132,B-2x4,white,34,モニター,144.0,64.0,89.6,0,O-129;O-130
O-133,B-2x2,white,35,モニター,144.0,32.0,99.2,0,O-131
O-134,B-2x4,white,35,モニター,144.0,48.0,99.2,0,O-131;O-132
O-135,B-2x2,white,35,モニター,144.0,80.0,99.2,0,O-132
O-136,T-2x8,white,36,モニター上端,144.0,32.0,108.8,0,O-133;O-134;O-135
O-137,KEY-2x6,white,37,キーボード,104.0,40.0,60.8,0,O-095;O-096
