file,slot,part,color,example_instance,all_interchangeable_candidates
plates/O-green-01-NOT_SLICED.3mf,1,P-8x8,green,O-001,O-001;O-002;O-003;O-004;O-005;O-006;O-012;O-013
plates/O-green-01-NOT_SLICED.3mf,2,P-8x8,green,O-002,O-001;O-002;O-003;O-004;O-005;O-006;O-012;O-013
plates/O-green-01-NOT_SLICED.3mf,3,P-8x8,green,O-003,O-001;O-002;O-003;O-004;O-005;O-006;O-012;O-013
plates/O-green-01-NOT_SLICED.3mf,4,P-8x8,green,O-004,O-001;O-002;O-003;O-004;O-005;O-006;O-012;O-013
plates/O-green-01-NOT_SLICED.3mf,5,P-8x8,green,O-005,O-001;O-002;O-003;O-004;O-005;O-006;O-012;O-013
plates/O-green-01-NOT_SLICED.3mf,6,P-8x8,green,O-006,O-001;O-002;O-003;O-004;O-005;O-006;O-012;O-013
plates/O-green-01-NOT_SLICED.3mf,7,P-8x8,green,O-012,O-001;O-002;O-003;O-004;O-005;O-006;O-012;O-013
plates/O-green-01-NOT_SLICED.3mf,8,P-8x8,green,O-013,O-001;O-002;O-003;O-004;O-005;O-006;O-012;O-013
plates/O-green-01-NOT_SLICED.3mf,9,P-4x8,green,O-008,O-008;O-009;O-011;O-014;O-016;O-017
plates/O-green-01-NOT_SLICED.3mf,10,P-4x8,green,O-009,O-008;O-009;O-011;O-014;O-016;O-017
plates/O-green-02-NOT_SLICED.3mf,1,P-4x8,green,O-011,O-008;O-009;O-011;O-014;O-016;O-017
plates/O-green-02-NOT_SLICED.3mf,2,P-4x8,green,O-014,O-008;O-009;O-011;O-014;O-016;O-017
plates/O-green-02-NOT_SLICED.3mf,3,P-4x8,green,O-016,O-008;O-009;O-011;O-014;O-016;O-017
plates/O-green-02-NOT_SLICED.3mf,4,P-4x8,green,O-017,O-008;O-009;O-011;O-014;O-016;O-017
plates/O-green-02-NOT_SLICED.3mf,5,P-4x4,green,O-007,O-007;O-010;O-015;O-018
plates/O-green-02-NOT_SLICED.3mf,6,P-4x4,green,O-010,O-007;O-010;O-015;O-018
plates/O-green-02-NOT_SLICED.3mf,7,P-4x4,green,O-015,O-007;O-010;O-015;O-018
plates/O-green-02-NOT_SLICED.3mf,8,P-4x4,green,O-018,O-007;O-010;O-015;O-018
plates/O-white-01-NOT_SLICED.3mf,1,P-4x10,white,O-092,O-092;O-093;O-094
plates/O-white-01-NOT_SLICED.3mf,2,P-4x10,white,O-093,O-092;O-093;O-094
plates/O-white-01-NOT_SLICED.3mf,3,P-4x10,white,O-094,O-092;O-093;O-094
plates/O-white-01-NOT_SLICED.3mf,4,P-4x8,white,O-071,O-071;O-072;O-073;O-074
plates/O-white-01-NOT_SLICED.3mf,5,P-4x8,white,O-072,O-071;O-072;O-073;O-074
plates/O-white-01-NOT_SLICED.3mf,6,P-4x8,white,O-073,O-071;O-072;O-073;O-074
plates/O-white-01-NOT_SLICED.3mf,7,P-4x8,white,O-074,O-071;O-072;O-073;O-074
plates/O-white-01-NOT_SLICED.3mf,8,T-2x8,white,O-085,O-085;O-136
plates/O-white-01-NOT_SLICED.3mf,9,T-2x8,white,O-136,O-085;O-136
plates/O-white-01-NOT_SLICED.3mf,10,P-4x6,white,O-095,O-095;O-096;O-098;O-099
plates/O-white-01-NOT_SLICED.3mf,11,P-4x6,white,O-096,O-095;O-096;O-098;O-099
plates/O-white-01-NOT_SLICED.3mf,12,P-4x6,white,O-098,O-095;O-096;O-098;O-099
plates/O-white-01-NOT_SLICED.3mf,13,P-4x6,white,O-099,O-095;O-096;O-098;O-099
plates/O-white-01-NOT_SLICED.3mf,14,P-2x6,white,O-097,O-097;O-100
plates/O-white-01-NOT_SLICED.3mf,15,P-2x6,white,O-100,O-097;O-100
plates/O-white-01-NOT_SLICED.3mf,16,KEY-2x6,white,O-137,O-137
plates/O-white-01-NOT_SLICED.3mf,17,B-2x4,white,O-031,O-031;O-032;O-033;O-034;O-035;O-036;O-039;O-040;O-041;O-042;O-043;O-044;O-047;O-048;O-049;O-050;O-051;O-052;O-055;O-056;O-057;O-058;O-059;O-060;O-063;O-064;O-065;O-066;O-067;O-068;O-075;O-076;O-078;O-080;O-081;O-083;O-125;O-126;O-127;O-129;O-131;O-132;O-134
plates/O-white-01-NOT_SLICED.3mf,18,B-2x4,white,O-032,O-031;O-032;O-033;O-034;O-035;O-036;O-039;O-040;O-041;O-042;O-043;O-044;O-047;O-048;O-049;O-050;O-051;O-052;O-055;O-056;O-057;O-058;O-059;O-060;O-063;O-064;O-065;O-066;O-067;O-068;O-075;O-076;O-078;O-080;O-081;O-083;O-125;O-126;O-127;O-129;O-131;O-132;O-134
plates/O-white-01-NOT_SLICED.3mf,19,B-2x4,white,O-033,O-031;O-032;O-033;O-034;O-035;O-036;O-039;O-040;O-041;O-042;O-043;O-044;O-047;O-048;O-049;O-050;O-051;O-052;O-055;O-056;O-057;O-058;O-059;O-060;O-063;O-064;O-065;O-066;O-067;O-068;O-075;O-076;O-078;O-080;O-081;O-083;O-125;O-126;O-127;O-129;O-131;O-132;O-134
plates/O-white-02-NOT_SLICED.3mf,1,B-2x4,white,O-034,O-031;O-032;O-033;O-034;O-035;O-036;O-039;O-040;O-041;O-042;O-043;O-044;O-047;O-048;O-049;O-050;O-051;O-052;O-055;O-056;O-057;O-058;O-059;O-060;O-063;O-064;O-065;O-066;O-067;O-068;O-075;O-076;O-078;O-080;O-081;O-083;O-125;O-126;O-127;O-129;O-131;O-132;O-134
plates/O-white-02-NOT_SLICED.3mf,2,B-2x4,white,O-035,O-031;O-032;O-033;O-034;O-035;O-036;O-039;O-040;O-041;O-042;O-043;O-044;O-047;O-048;O-049;O-050;O-051;O-052;O-055;O-056;O-057;O-058;O-059;O-060;O-063;O-064;O-065;O-066;O-067;O-068;O-075;O-076;O-078;O-080;O-081;O-083;O-125;O-126;O-127;O-129;O-131;O-132;O-134
plates/O-white-02-NOT_SLICED.3mf,3,B-2x4,white,O-036,O-031;O-032;O-033;O-034;O-035;O-036;O-039;O-040;O-041;O-042;O-043;O-044;O-047;O-048;O-049;O-050;O-051;O-052;O-055;O-056;O-057;O-058;O-059;O-060;O-063;O-064;O-065;O-066;O-067;O-068;O-075;O-076;O-078;O-080;O-081;O-083;O-125;O-126;O-127;O-129;O-131;O-132;O-134
plates/O-white-02-NOT_SLICED.3mf,4,B-2x4,white,O-039,O-031;O-032;O-033;O-034;O-035;O-036;O-039;O-040;O-041;O-042;O-043;O-044;O-047;O-048;O-049;O-050;O-051;O-052;O-055;O-056;O-057;O-058;O-059;O-060;O-063;O-064;O-065;O-066;O-067;O-068;O-075;O-076;O-078;O-080;O-081;O-083;O-125;O-126;O-127;O-129;O-131;O-132;O-134
plates/O-white-02-NOT_SLICED.3mf,5,B-2x4,white,O-040,O-031;O-032;O-033;O-034;O-035;O-036;O-039;O-040;O-041;O-042;O-043;O-044;O-047;O-048;O-049;O-050;O-051;O-052;O-055;O-056;O-057;O-058;O-059;O-060;O-063;O-064;O-065;O-066;O-067;O-068;O-075;O-076;O-078;O-080;O-081;O-083;O-125;O-126;O-127;O-129;O-131;O-132;O-134
plates/O-white-02-NOT_SLICED.3mf,6,B-2x4,white,O-041,O-031;O-032;O-033;O-034;O-035;O-036;O-039;O-040;O-041;O-042;O-043;O-044;O-047;O-048;O-049;O-050;O-051;O-052;O-055;O-056;O-057;O-058;O-059;O-060;O-063;O-064;O-065;O-066;O-067;O-068;O-075;O-076;O-078;O-080;O-081;O-083;O-125;O-126;O-127;O-129;O-131;O-132;O-134
plates/O-white-02-NOT_SLICED.3mf,7,B-2x4,white,O-042,O-031;O-032;O-033;O-034;O-035;O-036;O-039;O-040;O-041;O-042;O-043;O-044;O-047;O-048;O-049;O-050;O-051;O-052;O-055;O-056;O-057;O-058;O-059;O-060;O-063;O-064;O-065;O-066;O-067;O-068;O-075;O-076;O-078;O-080;O-081;O-083;O-125;O-126;O-127;O-129;O-131;O-132;O-134
plates/O-white-02-NOT_SLICED.3mf,8,B-2x4,white,O-043,O-031;O-032;O-033;O-034;O-035;O-036;O-039;O-040;O-041;O-042;O-043;O-044;O-047;O-048;O-049;O-050;O-051;O-052;O-055;O-056;O-057;O-058;O-059;O-060;O-063;O-064;O-065;O-066;O-067;O-068;O-075;O-076;O-078;O-080;O-081;O-083;O-125;O-126;O-127;O-129;O-131;O-132;O-134
plates/O-white-02-NOT_SLICED.3mf,9,B-2x4,white,O-044,O-031;O-032;O-033;O-034;O-035;O-036;O-039;O-040;O-041;O-042;O-043;O-044;O-047;O-048;O-049;O-050;O-051;O-052;O-055;O-056;O-057;O-058;O-059;O-060;O-063;O-064;O-065;O-066;O-067;O-068;O-075;O-076;O-078;O-080;O-081;O-083;O-125;O-126;O-127;O-129;O-131;O-132;O-134
plates/O-white-02-NOT_SLICED.3mf,10,B-2x4,white,O-047,O-031;O-032;O-033;O-034;O-035;O-036;O-039;O-040;O-041;O-042;O-043;O-044;O-047;O-048;O-049;O-050;O-051;O-052;O-055;O-056;O-057;O-058;O-059;O-060;O-063;O-064;O-065;O-066;O-067;O-068;O-075;O-076;O-078;O-080;O-081;O-083;O-125;O-126;O-127;O-129;O-131;O-132;O-134
plates/O-white-02-NOT_SLICED.3mf,11,B-2x4,white,O-048,O-031;O-032;O-033;O-034;O-035;O-036;O-039;O-040;O-041;O-042;O-043;O-044;O-047;O-048;O-049;O-050;O-051;O-052;O-055;O-056;O-057;O-058;O-059;O-060;O-063;O-064;O-065;O-066;O-067;O-068;O-075;O-076;O-078;O-080;O-081;O-083;O-125;O-126;O-127;O-129;O-131;O-132;O-134
plates/O-white-02-NOT_SLICED.3mf,12,B-2x4,white,O-049,O-031;O-032;O-033;O-034;O-035;O-036;O-039;O-040;O-041;O-042;O-043;O-044;O-047;O-048;O-049;O-050;O-051;O-052;O-055;O-056;O-057;O-058;O-059;O-060;O-063;O-064;O-065;O-066;O-067;O-068;O-075;O-076;O-078;O-080;O-081;O-083;O-125;O-126;O-127;O-129;O-131;O-132;O-134
plates/O-white-02-NOT_SLICED.3mf,13,B-2x4,white,O-050,O-031;O-032;O-033;O-034;O-035;O-036;O-039;O-040;O-041;O-042;O-043;O-044;O-047;O-048;O-049;O-050;O-051;O-052;O-055;O-056;O-057;O-058;O-059;O-060;O-063;O-064;O-065;O-066;O-067;O-068;O-075;O-076;O-078;O-080;O-081;O-083;O-125;O-126;O-127;O-129;O-131;O-132;O-134
plates/O-white-02-NOT_SLICED.3mf,14,B-2x4,white,O-051,O-031;O-032;O-033;O-034;O-035;O-036;O-039;O-040;O-041;O-042;O-043;O-044;O-047;O-048;O-049;O-050;O-051;O-052;O-055;O-056;O-057;O-058;O-059;O-060;O-063;O-064;O-065;O-066;O-067;O-068;O-075;O-076;O-078;O-080;O-081;O-083;O-125;O-126;O-127;O-129;O-131;O-132;O-134
plates/O-white-02-NOT_SLICED.3mf,15,B-2x4,white,O-052,O-031;O-032;O-033;O-034;O-035;O-036;O-039;O-040;O-041;O-042;O-043;O-044;O-047;O-048;O-049;O-050;O-051;O-052;O-055;O-056;O-057;O-058;O-059;O-060;O-063;O-064;O-065;O-066;O-067;O-068;O-075;O-076;O-078;O-080;O-081;O-083;O-125;O-126;O-127;O-129;O-131;O-132;O-134
plates/O-white-02-NOT_SLICED.3mf,16,B-2x4,white,O-055,O-031;O-032;O-033;O-034;O-035;O-036;O-039;O-040;O-041;O-042;O-043;O-044;O-047;O-048;O-049;O-050;O-051;O-052;O-055;O-056;O-057;O-058;O-059;O-060;O-063;O-064;O-065;O-066;O-067;O-068;O-075;O-076;O-078;O-080;O-081;O-083;O-125;O-126;O-127;O-129;O-131;O-132;O-134
plates/O-white-02-NOT_SLICED.3mf,17,B-2x4,white,O-056,O-031;O-032;O-033;O-034;O-035;O-036;O-039;O-040;O-041;O-042;O-043;O-044;O-047;O-048;O-049;O-050;O-051;O-052;O-055;O-056;O-057;O-058;O-059;O-060;O-063;O-064;O-065;O-066;O-067;O-068;O-075;O-076;O-078;O-080;O-081;O-083;O-125;O-126;O-127;O-129;O-131;O-132;O-134
plates/O-white-02-NOT_SLICED.3mf,18,B-2x4,white,O-057,O-031;O-032;O-033;O-034;O-035;O-036;O-039;O-040;O-041;O-042;O-043;O-044;O-047;O-048;O-049;O-050;O-051;O-052;O-055;O-056;O-057;O-058;O-059;O-060;O-063;O-064;O-065;O-066;O-067;O-068;O-075;O-076;O-078;O-080;O-081;O-083;O-125;O-126;O-127;O-129;O-131;O-132;O-134
plates/O-white-02-NOT_SLICED.3mf,19,B-2x4,white,O-058,O-031;O-032;O-033;O-034;O-035;O-036;O-039;O-040;O-041;O-042;O-043;O-044;O-047;O-048;O-049;O-050;O-051;O-052;O-055;O-056;O-057;O-058;O-059;O-060;O-063;O-064;O-065;O-066;O-067;O-068;O-075;O-076;O-078;O-080;O-081;O-083;O-125;O-126;O-127;O-129;O-131;O-132;O-134
plates/O-white-02-NOT_SLICED.3mf,20,B-2x4,white,O-059,O-031;O-032;O-033;O-034;O-035;O-036;O-039;O-040;O-041;O-042;O-043;O-044;O-047;O-048;O-049;O-050;O-051;O-052;O-055;O-056;O-057;O-058;O-059;O-060;O-063;O-064;O-065;O-066;O-067;O-068;O-075;O-076;O-078;O-080;O-081;O-083;O-125;O-126;O-127;O-129;O-131;O-132;O-134
plates/O-white-02-NOT_SLICED.3mf,21,B-2x4,white,O-060,O-031;O-032;O-033;O-034;O-035;O-036;O-039;O-040;O-041;O-042;O-043;O-044;O-047;O-048;O-049;O-050;O-051;O-052;O-055;O-056;O-057;O-058;O-059;O-060;O-063;O-064;O-065;O-066;O-067;O-068;O-075;O-076;O-078;O-080;O-081;O-083;O-125;O-126;O-127;O-129;O-131;O-132;O-134
plates/O-white-02-NOT_SLICED.3mf,22,B-2x4,white,O-063,O-031;O-032;O-033;O-034;O-035;O-036;O-039;O-040;O-041;O-042;O-043;O-044;O-047;O-048;O-049;O-050;O-051;O-052;O-055;O-056;O-057;O-058;O-059;O-060;O-063;O-064;O-065;O-066;O-067;O-068;O-075;O-076;O-078;O-080;O-081;O-083;O-125;O-126;O-127;O-129;O-131;O-132;O-134
plates/O-white-02-NOT_SLICED.3mf,23,B-2x4,white,O-064,O-031;O-032;O-033;O-034;O-035;O-036;O-039;O-040;O-041;O-042;O-043;O-044;O-047;O-048;O-049;O-050;O-051;O-052;O-055;O-056;O-057;O-058;O-059;O-060;O-063;O-064;O-065;O-066;O-067;O-068;O-075;O-076;O-078;O-080;O-081;O-083;O-125;O-126;O-127;O-129;O-131;O-132;O-134
plates/O-white-02-NOT_SLICED.3mf,24,B-2x4,white,O-065,O-031;O-032;O-033;O-034;O-035;O-036;O-039;O-040;O-041;O-042;O-043;O-044;O-047;O-048;O-049;O-050;O-051;O-052;O-055;O-056;O-057;O-058;O-059;O-060;O-063;O-064;O-065;O-066;O-067;O-068;O-075;O-076;O-078;O-080;O-081;O-083;O-125;O-126;O-127;O-129;O-131;O-132;O-134
plates/O-white-02-NOT_SLICED.3mf,25,B-2x4,white,O-066,O-031;O-032;O-033;O-034;O-035;O-036;O-039;O-040;O-041;O-042;O-043;O-044;O-047;O-048;O-049;O-050;O-051;O-052;O-055;O-056;O-057;O-058;O-059;O-060;O-063;O-064;O-065;O-066;O-067;O-068;O-075;O-076;O-078;O-080;O-081;O-083;O-125;O-126;O-127;O-129;O-131;O-132;O-134
plates/O-white-02-NOT_SLICED.3mf,26,B-2x4,white,O-067,O-031;O-032;O-033;O-034;O-035;O-036;O-039;O-040;O-041;O-042;O-043;O-044;O-047;O-048;O-049;O-050;O-051;O-052;O-055;O-056;O-057;O-058;O-059;O-060;O-063;O-064;O-065;O-066;O-067;O-068;O-075;O-076;O-078;O-080;O-081;O-083;O-125;O-126;O-127;O-129;O-131;O-132;O-134
plates/O-white-02-NOT_SLICED.3mf,27,B-2x4,white,O-068,O-031;O-032;O-033;O-034;O-035;O-036;O-039;O-040;O-041;O-042;O-043;O-044;O-047;O-048;O-049;O-050;O-051;O-052;O-055;O-056;O-057;O-058;O-059;O-060;O-063;O-064;O-065;O-066;O-067;O-068;O-075;O-076;O-078;O-080;O-081;O-083;O-125;O-126;O-127;O-129;O-131;O-132;O-134
plates/O-white-02-NOT_SLICED.3mf,28,B-2x4,white,O-075,O-031;O-032;O-033;O-034;O-035;O-036;O-039;O-040;O-041;O-042;O-043;O-044;O-047;O-048;O-049;O-050;O-051;O-052;O-055;O-056;O-057;O-058;O-059;O-060;O-063;O-064;O-065;O-066;O-067;O-068;O-075;O-076;O-078;O-080;O-081;O-083;O-125;O-126;O-127;O-129;O-131;O-132;O-134
plates/O-white-02-NOT_SLICED.3mf,29,B-2x4,white,O-076,O-031;O-032;O-033;O-034;O-035;O-036;O-039;O-040;O-041;O-042;O-043;O-044;O-047;O-048;O-049;O-050;O-051;O-052;O-055;O-056;O-057;O-058;O-059;O-060;O-063;O-064;O-065;O-066;O-067;O-068;O-075;O-076;O-078;O-080;O-081;O-083;O-125;O-126;O-127;O-129;O-131;O-132;O-134
plates/O-white-02-NOT_SLICED.3mf,30,B-2x4,white,O-078,O-031;O-032;O-033;O-034;O-035;O-036;O-039;O-040;O-041;O-042;O-043;O-044;O-047;O-048;O-049;O-050;O-051;O-052;O-055;O-056;O-057;O-058;O-059;O-060;O-063;O-064;O-065;O-066;O-067;O-068;O-075;O-076;O-078;O-080;O-081;O-083;O-125;O-126;O-127;O-129;O-131;O-132;O-134
plates/O-white-02-NOT_SLICED.3mf,31,B-2x4,white,O-080,O-031;O-032;O-033;O-034;O-035;O-036;O-039;O-040;O-041;O-042;O-043;O-044;O-047;O-048;O-049;O-050;O-051;O-052;O-055;O-056;O-057;O-058;O-059;O-060;O-063;O-064;O-065;O-066;O-067;O-068;O-075;O-076;O-078;O-080;O-081;O-083;O-125;O-126;O-127;O-129;O-131;O-132;O-134
plates/O-white-02-NOT_SLICED.3mf,32,B-2x4,white,O-081,O-031;O-032;O-033;O-034;O-035;O-036;O-039;O-040;O-041;O-042;O-043;O-044;O-047;O-048;O-049;O-050;O-051;O-052;O-055;O-056;O-057;O-058;O-059;O-060;O-063;O-064;O-065;O-066;O-067;O-068;O-075;O-076;O-078;O-080;O-081;O-083;O-125;O-126;O-127;O-129;O-131;O-132;O-134
plates/O-white-02-NOT_SLICED.3mf,33,B-2x4,white,O-083,O-031;O-032;O-033;O-034;O-035;O-036;O-039;O-040;O-041;O-042;O-043;O-044;O-047;O-048;O-049;O-050;O-051;O-052;O-055;O-056;O-057;O-058;O-059;O-060;O-063;O-064;O-065;O-066;O-067;O-068;O-075;O-076;O-078;O-080;O-081;O-083;O-125;O-126;O-127;O-129;O-131;O-132;O-134
plates/O-white-02-NOT_SLICED.3mf,34,B-2x4,white,O-125,O-031;O-032;O-033;O-034;O-035;O-036;O-039;O-040;O-041;O-042;O-043;O-044;O-047;O-048;O-049;O-050;O-051;O-052;O-055;O-056;O-057;O-058;O-059;O-060;O-063;O-064;O-065;O-066;O-067;O-068;O-075;O-076;O-078;O-080;O-081;O-083;O-125;O-126;O-127;O-129;O-131;O-132;O-134
plates/O-white-02-NOT_SLICED.3mf,35,B-2x4,white,O-126,O-031;O-032;O-033;O-034;O-035;O-036;O-039;O-040;O-041;O-042;O-043;O-044;O-047;O-048;O-049;O-050;O-051;O-052;O-055;O-056;O-057;O-058;O-059;O-060;O-063;O-064;O-065;O-066;O-067;O-068;O-075;O-076;O-078;O-080;O-081;O-083;O-125;O-126;O-127;O-129;O-131;O-132;O-134
plates/O-white-02-NOT_SLICED.3mf,36,B-2x4,white,O-127,O-031;O-032;O-033;O-034;O-035;O-036;O-039;O-040;O-041;O-042;O-043;O-044;O-047;O-048;O-049;O-050;O-051;O-052;O-055;O-056;O-057;O-058;O-059;O-060;O-063;O-064;O-065;O-066;O-067;O-068;O-075;O-076;O-078;O-080;O-081;O-083;O-125;O-126;O-127;O-129;O-131;O-132;O-134
plates/O-white-02-NOT_SLICED.3mf,37,B-2x4,white,O-129,O-031;O-032;O-033;O-034;O-035;O-036;O-039;O-040;O-041;O-042;O-043;O-044;O-047;O-048;O-049;O-050;O-051;O-052;O-055;O-056;O-057;O-058;O-059;O-060;O-063;O-064;O-065;O-066;O-067;O-068;O-075;O-076;O-078;O-080;O-081;O-083;O-125;O-126;O-127;O-129;O-131;O-132;O-134
plates/O-white-02-NOT_SLICED.3mf,38,B-2x4,white,O-131,O-031;O-032;O-033;O-034;O-035;O-036;O-039;O-040;O-041;O-042;O-043;O-044;O-047;O-048;O-049;O-050;O-051;O-052;O-055;O-056;O-057;O-058;O-059;O-060;O-063;O-064;O-065;O-066;O-067;O-068;O-075;O-076;O-078;O-080;O-081;O-083;O-125;O-126;O-127;O-129;O-131;O-132;O-134
plates/O-white-02-NOT_SLICED.3mf,39,B-2x4,white,O-132,O-031;O-032;O-033;O-034;O-035;O-036;O-039;O-040;O-041;O-042;O-043;O-044;O-047;O-048;O-049;O-050;O-051;O-052;O-055;O-056;O-057;O-058;O-059;O-060;O-063;O-064;O-065;O-066;O-067;O-068;O-075;O-076;O-078;O-080;O-081;O-083;O-125;O-126;O-127;O-129;O-131;O-132;O-134
plates/O-white-02-NOT_SLICED.3mf,40,B-2x4,white,O-134,O-031;O-032;O-033;O-034;O-035;O-036;O-039;O-040;O-041;O-042;O-043;O-044;O-047;O-048;O-049;O-050;O-051;O-052;O-055;O-056;O-057;O-058;O-059;O-060;O-063;O-064;O-065;O-066;O-067;O-068;O-075;O-076;O-078;O-080;O-081;O-083;O-125;O-126;O-127;O-129;O-131;O-132;O-134
plates/O-white-02-NOT_SLICED.3mf,41,B-2x2,white,O-019,O-019;O-020;O-021;O-022;O-023;O-024;O-025;O-026;O-027;O-028;O-029;O-030;O-037;O-038;O-045;O-046;O-053;O-054;O-061;O-062;O-069;O-070;O-077;O-079;O-082;O-084;O-128;O-130;O-133;O-135
plates/O-white-02-NOT_SLICED.3mf,42,B-2x2,white,O-020,O-019;O-020;O-021;O-022;O-023;O-024;O-025;O-026;O-027;O-028;O-029;O-030;O-037;O-038;O-045;O-046;O-053;O-054;O-061;O-062;O-069;O-070;O-077;O-079;O-082;O-084;O-128;O-130;O-133;O-135
plates/O-white-02-NOT_SLICED.3mf,43,B-2x2,white,O-021,O-019;O-020;O-021;O-022;O-023;O-024;O-025;O-026;O-027;O-028;O-029;O-030;O-037;O-038;O-045;O-046;O-053;O-054;O-061;O-062;O-069;O-070;O-077;O-079;O-082;O-084;O-128;O-130;O-133;O-135
plates/O-white-02-NOT_SLICED.3mf,44,B-2x2,white,O-022,O-019;O-020;O-021;O-022;O-023;O-024;O-025;O-026;O-027;O-028;O-029;O-030;O-037;O-038;O-045;O-046;O-053;O-054;O-061;O-062;O-069;O-070;O-077;O-079;O-082;O-084;O-128;O-130;O-133;O-135
plates/O-white-02-NOT_SLICED.3mf,45,B-2x2,white,O-023,O-019;O-020;O-021;O-022;O-023;O-024;O-025;O-026;O-027;O-028;O-029;O-030;O-037;O-038;O-045;O-046;O-053;O-054;O-061;O-062;O-069;O-070;O-077;O-079;O-082;O-084;O-128;O-130;O-133;O-135
plates/O-white-02-NOT_SLICED.3mf,46,B-2x2,white,O-024,O-019;O-020;O-021;O-022;O-023;O-024;O-025;O-026;O-027;O-028;O-029;O-030;O-037;O-038;O-045;O-046;O-053;O-054;O-061;O-062;O-069;O-070;O-077;O-079;O-082;O-084;O-128;O-130;O-133;O-135
plates/O-white-02-NOT_SLICED.3mf,47,B-2x2,white,O-025,O-019;O-020;O-021;O-022;O-023;O-024;O-025;O-026;O-027;O-028;O-029;O-030;O-037;O-038;O-045;O-046;O-053;O-054;O-061;O-062;O-069;O-070;O-077;O-079;O-082;O-084;O-128;O-130;O-133;O-135
plates/O-white-02-NOT_SLICED.3mf,48,B-2x2,white,O-026,O-019;O-020;O-021;O-022;O-023;O-024;O-025;O-026;O-027;O-028;O-029;O-030;O-037;O-038;O-045;O-046;O-053;O-054;O-061;O-062;O-069;O-070;O-077;O-079;O-082;O-084;O-128;O-130;O-133;O-135
plates/O-white-02-NOT_SLICED.3mf,49,B-2x2,white,O-027,O-019;O-020;O-021;O-022;O-023;O-024;O-025;O-026;O-027;O-028;O-029;O-030;O-037;O-038;O-045;O-046;O-053;O-054;O-061;O-062;O-069;O-070;O-077;O-079;O-082;O-084;O-128;O-130;O-133;O-135
plates/O-white-02-NOT_SLICED.3mf,50,B-2x2,white,O-028,O-019;O-020;O-021;O-022;O-023;O-024;O-025;O-026;O-027;O-028;O-029;O-030;O-037;O-038;O-045;O-046;O-053;O-054;O-061;O-062;O-069;O-070;O-077;O-079;O-082;O-084;O-128;O-130;O-133;O-135
plates/O-white-02-NOT_SLICED.3mf,51,B-2x2,white,O-029,O-019;O-020;O-021;O-022;O-023;O-024;O-025;O-026;O-027;O-028;O-029;O-030;O-037;O-038;O-045;O-046;O-053;O-054;O-061;O-062;O-069;O-070;O-077;O-079;O-082;O-084;O-128;O-130;O-133;O-135
plates/O-white-02-NOT_SLICED.3mf,52,B-2x2,white,O-030,O-019;O-020;O-021;O-022;O-023;O-024;O-025;O-026;O-027;O-028;O-029;O-030;O-037;O-038;O-045;O-046;O-053;O-054;O-061;O-062;O-069;O-070;O-077;O-079;O-082;O-084;O-128;O-130;O-133;O-135
plates/O-white-02-NOT_SLICED.3mf,53,B-2x2,white,O-037,O-019;O-020;O-021;O-022;O-023;O-024;O-025;O-026;O-027;O-028;O-029;O-030;O-037;O-038;O-045;O-046;O-053;O-054;O-061;O-062;O-069;O-070;O-077;O-079;O-082;O-084;O-128;O-130;O-133;O-135
plates/O-white-02-NOT_SLICED.3mf,54,B-2x2,white,O-038,O-019;O-020;O-021;O-022;O-023;O-024;O-025;O-026;O-027;O-028;O-029;O-030;O-037;O-038;O-045;O-046;O-053;O-054;O-061;O-062;O-069;O-070;O-077;O-079;O-082;O-084;O-128;O-130;O-133;O-135
plates/O-white-03-NOT_SLICED.3mf,1,B-2x2,white,O-045,O-019;O-020;O-021;O-022;O-023;O-024;O-025;O-026;O-027;O-028;O-029;O-030;O-037;O-038;O-045;O-046;O-053;O-054;O-061;O-062;O-069;O-070;O-077;O-079;O-082;O-084;O-128;O-130;O-133;O-135
plates/O-white-03-NOT_SLICED.3mf,2,B-2x2,white,O-046,O-019;O-020;O-021;O-022;O-023;O-024;O-025;O-026;O-027;O-028;O-029;O-030;O-037;O-038;O-045;O-046;O-053;O-054;O-061;O-062;O-069;O-070;O-077;O-079;O-082;O-084;O-128;O-130;O-133;O-135
plates/O-white-03-NOT_SLICED.3mf,3,B-2x2,white,O-053,O-019;O-020;O-021;O-022;O-023;O-024;O-025;O-026;O-027;O-028;O-029;O-030;O-037;O-038;O-045;O-046;O-053;O-054;O-061;O-062;O-069;O-070;O-077;O-079;O-082;O-084;O-128;O-130;O-133;O-135
plates/O-white-03-NOT_SLICED.3mf,4,B-2x2,white,O-054,O-019;O-020;O-021;O-022;O-023;O-024;O-025;O-026;O-027;O-028;O-029;O-030;O-037;O-038;O-045;O-046;O-053;O-054;O-061;O-062;O-069;O-070;O-077;O-079;O-082;O-084;O-128;O-130;O-133;O-135
plates/O-white-03-NOT_SLICED.3mf,5,B-2x2,white,O-061,O-019;O-020;O-021;O-022;O-023;O-024;O-025;O-026;O-027;O-028;O-029;O-030;O-037;O-038;O-045;O-046;O-053;O-054;O-061;O-062;O-069;O-070;O-077;O-079;O-082;O-084;O-128;O-130;O-133;O-135
plates/O-white-03-NOT_SLICED.3mf,6,B-2x2,white,O-062,O-019;O-020;O-021;O-022;O-023;O-024;O-025;O-026;O-027;O-028;O-029;O-030;O-037;O-038;O-045;O-046;O-053;O-054;O-061;O-062;O-069;O-070;O-077;O-079;O-082;O-084;O-128;O-130;O-133;O-135
plates/O-white-03-NOT_SLICED.3mf,7,B-2x2,white,O-069,O-019;O-020;O-021;O-022;O-023;O-024;O-025;O-026;O-027;O-028;O-029;O-030;O-037;O-038;O-045;O-046;O-053;O-054;O-061;O-062;O-069;O-070;O-077;O-079;O-082;O-084;O-128;O-130;O-133;O-135
plates/O-white-03-NOT_SLICED.3mf,8,B-2x2,white,O-070,O-019;O-020;O-021;O-022;O-023;O-024;O-025;O-026;O-027;O-028;O-029;O-030;O-037;O-038;O-045;O-046;O-053;O-054;O-061;O-062;O-069;O-070;O-077;O-079;O-082;O-084;O-128;O-130;O-133;O-135
plates/O-white-03-NOT_SLICED.3mf,9,B-2x2,white,O-077,O-019;O-020;O-021;O-022;O-023;O-024;O-025;O-026;O-027;O-028;O-029;O-030;O-037;O-038;O-045;O-046;O-053;O-054;O-061;O-062;O-069;O-070;O-077;O-079;O-082;O-084;O-128;O-130;O-133;O-135
plates/O-white-03-NOT_SLICED.3mf,10,B-2x2,white,O-079,O-019;O-020;O-021;O-022;O-023;O-024;O-025;O-026;O-027;O-028;O-029;O-030;O-037;O-038;O-045;O-046;O-053;O-054;O-061;O-062;O-069;O-070;O-077;O-079;O-082;O-084;O-128;O-130;O-133;O-135
plates/O-white-03-NOT_SLICED.3mf,11,B-2x2,white,O-082,O-019;O-020;O-021;O-022;O-023;O-024;O-025;O-026;O-027;O-028;O-029;O-030;O-037;O-038;O-045;O-046;O-053;O-054;O-061;O-062;O-069;O-070;O-077;O-079;O-082;O-084;O-128;O-130;O-133;O-135
plates/O-white-03-NOT_SLICED.3mf,12,B-2x2,white,O-084,O-019;O-020;O-021;O-022;O-023;O-024;O-025;O-026;O-027;O-028;O-029;O-030;O-037;O-038;O-045;O-046;O-053;O-054;O-061;O-062;O-069;O-070;O-077;O-079;O-082;O-084;O-128;O-130;O-133;O-135
plates/O-white-03-NOT_SLICED.3mf,13,B-2x2,white,O-128,O-019;O-020;O-021;O-022;O-023;O-024;O-025;O-026;O-027;O-028;O-029;O-030;O-037;O-038;O-045;O-046;O-053;O-054;O-061;O-062;O-069;O-070;O-077;O-079;O-082;O-084;O-128;O-130;O-133;O-135
plates/O-white-03-NOT_SLICED.3mf,14,B-2x2,white,O-130,O-019;O-020;O-021;O-022;O-023;O-024;O-025;O-026;O-027;O-028;O-029;O-030;O-037;O-038;O-045;O-046;O-053;O-054;O-061;O-062;O-069;O-070;O-077;O-079;O-082;O-084;O-128;O-130;O-133;O-135
plates/O-white-03-NOT_SLICED.3mf,15,B-2x2,white,O-133,O-019;O-020;O-021;O-022;O-023;O-024;O-025;O-026;O-027;O-028;O-029;O-030;O-037;O-038;O-045;O-046;O-053;O-054;O-061;O-062;O-069;O-070;O-077;O-079;O-082;O-084;O-128;O-130;O-133;O-135
plates/O-white-03-NOT_SLICED.3mf,16,B-2x2,white,O-135,O-019;O-020;O-021;O-022;O-023;O-024;O-025;O-026;O-027;O-028;O-029;O-030;O-037;O-038;O-045;O-046;O-053;O-054;O-061;O-062;O-069;O-070;O-077;O-079;O-082;O-084;O-128;O-130;O-133;O-135
plates/O-black-01-NOT_SLICED.3mf,1,P-6x6,black,O-106,O-106;O-122
plates/O-black-01-NOT_SLICED.3mf,2,P-6x6,black,O-122,O-106;O-122
plates/O-black-01-NOT_SLICED.3mf,3,B-2x4,black,O-086,O-086;O-087;O-090;O-091;O-103;O-107;O-108;O-109;O-112;O-113;O-114;O-117;O-118;O-119
plates/O-black-01-NOT_SLICED.3mf,4,B-2x4,black,O-087,O-086;O-087;O-090;O-091;O-103;O-107;O-108;O-109;O-112;O-113;O-114;O-117;O-118;O-119
plates/O-black-01-NOT_SLICED.3mf,5,B-2x4,black,O-090,O-086;O-087;O-090;O-091;O-103;O-107;O-108;O-109;O-112;O-113;O-114;O-117;O-118;O-119
plates/O-black-01-NOT_SLICED.3mf,6,B-2x4,black,O-091,O-086;O-087;O-090;O-091;O-103;O-107;O-108;O-109;O-112;O-113;O-114;O-117;O-118;O-119
plates/O-black-01-NOT_SLICED.3mf,7,P-2x4,black,O-101,O-101;O-102
plates/O-black-01-NOT_SLICED.3mf,8,P-2x4,black,O-102,O-101;O-102
plates/O-black-01-NOT_SLICED.3mf,9,B-2x4,black,O-103,O-086;O-087;O-090;O-091;O-103;O-107;O-108;O-109;O-112;O-113;O-114;O-117;O-118;O-119
plates/O-black-01-NOT_SLICED.3mf,10,B-2x4,black,O-107,O-086;O-087;O-090;O-091;O-103;O-107;O-108;O-109;O-112;O-113;O-114;O-117;O-118;O-119
plates/O-black-01-NOT_SLICED.3mf,11,B-2x4,black,O-108,O-086;O-087;O-090;O-091;O-103;O-107;O-108;O-109;O-112;O-113;O-114;O-117;O-118;O-119
plates/O-black-01-NOT_SLICED.3mf,12,B-2x4,black,O-109,O-086;O-087;O-090;O-091;O-103;O-107;O-108;O-109;O-112;O-113;O-114;O-117;O-118;O-119
plates/O-black-01-NOT_SLICED.3mf,13,B-2x4,black,O-112,O-086;O-087;O-090;O-091;O-103;O-107;O-108;O-109;O-112;O-113;O-114;O-117;O-118;O-119
plates/O-black-01-NOT_SLICED.3mf,14,B-2x4,black,O-113,O-086;O-087;O-090;O-091;O-103;O-107;O-108;O-109;O-112;O-113;O-114;O-117;O-118;O-119
plates/O-black-01-NOT_SLICED.3mf,15,B-2x4,black,O-114,O-086;O-087;O-090;O-091;O-103;O-107;O-108;O-109;O-112;O-113;O-114;O-117;O-118;O-119
plates/O-black-01-NOT_SLICED.3mf,16,B-2x4,black,O-117,O-086;O-087;O-090;O-091;O-103;O-107;O-108;O-109;O-112;O-113;O-114;O-117;O-118;O-119
plates/O-black-01-NOT_SLICED.3mf,17,B-2x4,black,O-118,O-086;O-087;O-090;O-091;O-103;O-107;O-108;O-109;O-112;O-113;O-114;O-117;O-118;O-119
plates/O-black-01-NOT_SLICED.3mf,18,B-2x4,black,O-119,O-086;O-087;O-090;O-091;O-103;O-107;O-108;O-109;O-112;O-113;O-114;O-117;O-118;O-119
plates/O-black-01-NOT_SLICED.3mf,19,B-2x2,black,O-104,O-104
plates/O-black-01-NOT_SLICED.3mf,20,EAR-2x2,black,O-123,O-123;O-124
plates/O-black-01-NOT_SLICED.3mf,21,EAR-2x2,black,O-124,O-123;O-124
plates/O-black-01-NOT_SLICED.3mf,22,B-1x2,black,O-088,O-088;O-089
plates/O-black-01-NOT_SLICED.3mf,23,B-1x2,black,O-089,O-088;O-089
plates/O-yellow-01-NOT_SLICED.3mf,1,MUG-2x3,yellow,O-105,O-105
plates/O-beige-01-NOT_SLICED.3mf,1,B-2x4,beige,O-110,O-110;O-116;O-120
plates/O-beige-01-NOT_SLICED.3mf,2,B-2x4,beige,O-116,O-110;O-116;O-120
plates/O-beige-01-NOT_SLICED.3mf,3,B-2x4,beige,O-120,O-110;O-116;O-120
plates/O-beige-01-NOT_SLICED.3mf,4,B-2x2,beige,O-111,O-111;O-115;O-121
plates/O-beige-01-NOT_SLICED.3mf,5,B-2x2,beige,O-115,O-111;O-115;O-121
plates/O-beige-01-NOT_SLICED.3mf,6,B-2x2,beige,O-121,O-111;O-115;O-121
